{
    "input_dim": 28,
    "threshold": 0.8963648080825806,
    "scaler_mean": [
        437.6634528137207,
        1077.6590220733642,
        0.14944634360447526,
        140.9604,
        173.3069,
        -3.7771342256695033,
        5.5174,
        360.89041374816895,
        173.38940838470458,
        42.5502,
        449.4471629089355,
        69.9077528038025,
        0.9922,
        1.5358,
        3.006,
        0.0,
        30550.5682,
        2.5106,
        70.4802,
        89.66373640747071,
        2.5986061499118804,
        10.523,
        10.523,
        14987.081106347656,
        1075.277839855957,
        4290.4610734375,
        0.09909710821658373,
        0.16187419151887297
    ],
    "scaler_scale": [
        144.7201667272479,
        389.5491898006182,
        0.044056892302321675,
        35.30541080117891,
        36.22183267574949,
        479.5279058193573,
        1.6863265520058652,
        31.670724013829943,
        18.55870096100004,
        10.376217035124176,
        32.33778081997062,
        28.73444410454393,
        0.8193528910060558,
        1.1285027071300986,
        1.4243468678661206,
        1.0,
        12389.874708605767,
        1.107378724736936,
        17.652705400589454,
        3.6791430233352687,
        0.9733692023357409,
        3.98309816600096,
        3.98309816600096,
        3927.1599479487377,
        155.39363212179651,
        1156.1568580063915,
        0.06384150155545894,
        0.19589310237151997
    ]
}