{
    "input_dim": 28,
    "threshold": 4.143304347991943,
    "scaler_mean": [
        524.856433152771,
        1198.2330217081706,
        0.14994156968252112,
        72.3612,
        217.6441,
        1730.3758223592122,
        3.3540666666666668,
        14.123561364618936,
        12.910965333716074,
        44.9056,
        108.19113938268026,
        82.02607831192016,
        0.6621333333333334,
        0.8926666666666667,
        2.9999333333333333,
        5102.138133333333,
        37658.16413333333,
        3.3534,
        72.3612,
        106.59669051411947,
        2.999200655376911,
        10.869466666666666,
        14.553533333333334,
        622.9179429402669,
        408.3808322499593,
        2499.303591337077,
        0.048227802575007084,
        0.26129381273426117
    ],
    "scaler_scale": [
        316.83791024253566,
        586.2530298041355,
        0.08723444417385078,
        21.855197731737235,
        122.72048872073762,
        249.5109565051667,
        0.47822950789577817,
        3.080899754402891,
        3.4756428563081423,
        7.353123280167174,
        15.804626261685701,
        28.968397442114327,
        0.8677822973277567,
        1.1230076679267849,
        1.406627170061576,
        2247.836078184046,
        25927.093046574482,
        0.940979156694536,
        21.855197731737235,
        27.574150230241187,
        2.326707262977908,
        7.276237194838732,
        7.772468559959211,
        183.25860632941314,
        86.88630789919995,
        990.6946176288822,
        0.02436152889984435,
        0.19616139484623196
    ]
}